Nguyễn,1,Diệu Ái
Trần,2,Khả Ái
Lê,3,Ngọc Ái
Phạm,4,Hoài An
Hoàng,5,Huệ An
Phan,6,Minh An
Vũ,7,Phương An
Đặng,8,Thanh An
Bùi,9,Hải Ân
Đỗ,10,Huệ Ân
Hồ,11,Bảo Anh
Ngô,12,Diệp Anh
Dương,13,Diệu Anh
Lý,14,Hải Anh
,15,Hồng Anh
,16,Huyền Anh
,17,Kiều Anh
,18,Kim Anh
,19,Lan Anh
,20,Mai Anh
,21,Minh Anh
,22,Mỹ Anh
,23,Ngọc Anh
,24,Nguyệt Anh
,25,Như Anh
,26,Phương Anh
,27,Quế Anh
,28,Quỳnh Anh
,29,Thục Anh
,30,Thúy Anh
,31,Thùy Anh
,32,Trâm Anh
,33,Trang Anh
,34,Tú Anh
,35,Tuyết Anh
,36,Vân Anh
,37,Yến Anh
,38,Kim Ánh
,39,Ngọc Ánh
,40,Nguyệt Ánh
,41,Nhật Ánh
,42,Băng Băng
,43,Lệ Băng
,44,Tuyết Băng
,45,Như Bảo
,46,Gia Bảo
,47,Xuân Bảo
,48,Ngọc Bích
,49,An Bình
,50,Thái Bình
,51,Sơn Ca
,52,Ngọc Cầm
,53,Nguyệt Cầm
,54,Thi Cầm
,55,Bảo Châu
,56,Bích Châu
,57,Diễm Châu
,58,Hải Châu
,59,Hoàn Châu
,60,Hồng Châu
,61,Linh Châu
,62,Loan Châu
,63,Ly Châu
,64,Mai Châu
,65,Minh Châu
,66,Trân Châu
,67,Diệp Chi
,68,Diễm Chi
,69,Hạnh Chi
,70,Khánh Chi
,71,Kim Chi
,72,Lan Chi
,73,Lệ Chi
,74,Linh Chi
,75,Mai Chi
,76,Phương Chi
,77,Quế Chi
,78,Quỳnh Chi
,79,Bích Chiêu
,80,Hoàng Cúc
,81,Kim Cương
,82,Trang Ðài
,83,Tâm Đan
,84,Thanh Đan
,85,Linh Ðan
,86,Quỳnh Dao
,87,Anh Ðào
,88,Bích Ðào
,89,Hồng Ðào
,90,Ngọc Ðào
,91,Thục Ðào
,92,Trúc Ðào
,93,An Di
,94,Thiên Di
,95,Hồng Diễm
,96,Kiều Diễm
,97,Phương Diễm
,98,Thúy Diễm
,99,Bích Diệp
,100,Hồng Diệp
,101,Ngọc Diệp
,102,Bích Ðiệp
,103,Hồng Ðiệp
,104,Mộng Ðiệp
,105,Ngọc Ðiệp
,106,Huyền Diệu
,107,Tâm Ðoan
,108,Thục Ðoan
,109,Hạnh Dung
,110,Kiều Dung
,111,Kim Dung
,112,Mỹ Dung
,113,Nghi Dung
,114,Ngọc Dung
,115,Phương Dung
,116,Quỳnh Dung
,117,Thùy Dung
,118,Ánh Dương
,119,Chiêu Dương
,120,Thùy Dương
,121,Hải Ðường
,122,Bích Duyên
,123,Kỳ Duyên
,124,Linh Duyên
,125,Minh Duyên
,126,Mỹ Duyên
,127,Thu Duyên
,128,Hà Giang
,129,Hoài Giang
,130,Hương Giang
,131,Kiều Giang
,132,Linh Giang
,133,Phương Giang
,134,Quỳnh Giang
,135,Thanh Giang
,136,Thiên Giang
,137,Thu Giang
,138,Thùy Giang
,139,Hồng Giang
,140,Trà Giang
,141,Khánh Giao
,142,Quỳnh Giao
,143,Bảo Hà
,144,Bích Hà
,145,Hoàng Hà
,146,Hồng Hà
,147,Khánh Hà
,148,Lam Hà
,149,Linh Hà
,150,Mai Hà
,151,Minh Hà
,152,Ngân Hà
,153,Ngọc Hà
,154,Nguyệt Hà
,155,Nhật Hà
,156,Quỳnh Hà
,157,Thái Hà
,158,Thanh Hà
,159,Thu Hà
,160,Thúy Hà
,161,Vân Hà
,162,Việt Hà
,163,An Hạ
,164,Mai Hạ
,165,Ngọc Hạ
,166,Nhật Hạ
,167,Bích Hải
,168,Bảo Hân
,169,Gia Hân
,170,Ngọc Hân
,171,Tuyết Hân
,172,Bích Hằng
,173,Diễm Hằng
,174,Diệu Hằng
,175,Minh Hằng
,176,Thanh Hằng
,177,Thu Hằng
,178,Thúy Hằng
,179,Bích Hạnh
,180,Cẩm Hạnh
,181,Diễm Hạnh
,182,Hiếu Hạnh
,183,Hồng Hạnh
,184,Kiều Hạnh
,185,Minh Hạnh
,186,Mỹ Hạnh
,187,Phương Hạnh
,188,Thúy Hạnh
,189,Bích Hảo
,190,Thanh Hảo
,191,Bích Hậu
,192,Thu Hậu
,193,Bích Hiền
,194,Diệu Hiền
,195,Mai Hiền
,196,Minh Hiền
,197,Ngọc Hiền
,198,Phương Hiền
,199,Tâm Hiền
,200,Thanh Hiền
,201,Thu Hiền
,202,Thúy Hiền
,203,Xuân Hiền
,204,Ánh Hoa
,205,Bạch Hoa
,206,Diệu Hoa
,207,Hồng Hoa
,208,Kiều Hoa
,209,Kim Hoa
,210,Lệ Hoa
,211,Liên Hoa
,212,Mộng Hoa
,213,Ngọc Hoa
,214,Như Hoa
,215,Phương Hoa
,216,Quỳnh Hoa
,217,Thanh Hoa
,218,Tuyết Hoa
,219,Xuân Hoa
,220,Kim Hòa
,221,Thu Hoài
,222,Ngọc Hoan
,223,Mỹ Hoàn
,224,Ngọc Hoàn
,225,Ái Hồng
,226,Ánh Hồng
,227,Bích Hồng
,228,Diệu Hồng
,229,Minh Hồng
,230,Nguyên Hồng
,231,Nguyệt Hồng
,232,Nhã Hồng
,233,Như Hồng
,234,Thái Hồng
,235,Thanh Hồng
,236,Thảo Hồng
,237,Thu Hồng
,238,Tuyết Hồng
,239,Vũ Hồng
,240,Yến Hồng
,241,Bích Hợp
,242,Bảo Huệ
,243,Bích Huệ
,244,Minh Huệ
,245,Mỹ Huệ
,246,Ngọc Huệ
,247,Thu Huệ
,248,Anh Hương
,249,Dạ Hương
,250,Diễm Hương
,251,Diệu Hương
,252,Ðinh Hương
,253,Hoài Hương
,254,Huệ Hương
,255,Kim Hương
,256,Lan Hương
,257,Liên Hương
,258,Mai Hương
,259,Minh Hương
,260,Mộng Hương
,261,Nhã Hương
,262,Quỳnh Hương
,263,Thanh Hương
,264,Thảo Hương
,265,Thiên Hương
,266,Thúy Hương
,267,Thu Hương
,268,Tuyết Hương
,269,Vân Hương
,270,Việt Hương
,271,Xuân Hương
,272,Cẩm Hường
,273,Thu Hường
,274,Thanh Hường
,275,Thúy Hường
,276,Diệu Huyền
,277,Khánh Huyền
,278,Lệ Huyền
,279,Minh Huyền
,280,Mỹ Huyền
,281,Ngọc Huyền
,282,Thanh Huyền
,283,Thu Huyền
,284,Thúy Huyền
,285,Bích Lam
,286,Ngọc Lam
,287,Quỳnh Lam
,288,Thanh Lam
,289,Thiên Lam
,290,Trúc Lam
,291,Vy Lam
,292,Hồng Lâm
,293,Huệ Lâm
,294,Hương Lâm
,295,Ngọc Lâm
,296,Quế Lâm
,297,Quỳnh Lâm
,298,Thanh Lâm
,299,Thư Lâm
,300,Thụy Lâm
,301,Tịnh Lâm
,302,Trúc Lâm
,303,Tuệ Lâm
,304,Tuyết Lâm
,305,Xuân Lâm
,306,Bảo Lan
,307,Chi Lan
,308,Dạ Lan
,309,Diệu Lan
,310,Hoàng Lan
,311,Huệ Lan
,312,Hương Lan
,313,Khúc Lan
,314,Kim Lan
,315,Linh Lan
,316,Mai Lan
,317,Mộng Lan
,318,Mỹ Lan
,319,Ngọc Lan
,320,Nguyệt Lan
,321,Nhật Lan
,322,Phong Lan
,323,Phương Lan
,324,Thanh Lan
,325,Thiên Lan
,326,Trúc Lan
,327,Tuyết Lan
,328,Vy Lan
,329,Xuân Lan
,330,Ý Lan
,331,Ánh Lệ
,332,Mỹ Lệ
,333,Ngọc Lệ
,334,Diễm Lệ
,335,Bích Liên
,336,Cẩm Liên
,337,Diễm Liên
,338,Hà Liên
,339,Hoa Liên
,340,Hồng Liên
,341,Hương Liên
,342,Kim Liên
,343,Mai Liên
,344,Ngọc Liên
,345,Phương Liên
,346,Mộng Liễu
,347,Thúy Liễu
,348,Xuân Liễu
,349,Ái Linh
,350,Quỳnh Liên
,351,Thu Liên
,352,Thúy Liên
,353,Trúc Liên
,354,Ánh Linh
,355,Bội Linh
,356,Cẩm Linh
,357,Đan Linh
,358,Diệu Linh
,359,Gia Linh
,360,Hạnh Linh
,361,Hồng Linh
,362,Huệ Linh
,363,Huyền Linh
,364,Khánh Linh
,365,Mai Linh
,366,Ngọc Linh
,367,Phương Linh
,368,Quế Linh
,369,Thảo Linh
,370,Thu Linh
,371,Thùy Linh
,372,Trang Linh
,373,Trúc Linh
,374,Vân Linh
,375,Xuân Linh
,376,Bạch Loan
,377,Bích Loan
,378,Diệu Loan
,379,Kiều Loan
,380,Kim Loan
,381,Mai Loan
,382,Minh Loan
,383,Mỹ Loan
,384,Ngọc Loan
,385,Như Loan
,386,Phượng Loan
,387,Phương Loan
,388,Thanh Loan
,389,Thu Loan
,390,Thúy Loan
,391,Tố Loan
,392,Trúc Loan
,393,Tuyết Loan
,394,Xuân Loan
,395,Yến Loan
,396,Cẩm Ly
,397,Hương Ly
,398,Khánh Ly
,399,Kim Ly
,400,Lưu Ly
,401,Mai Ly
,402,Ngọc Ly
,403,Thảo Ly
,404,Trúc Ly
,405,Tú Ly
,406,Ngọc Lý
,407,Nhã Lý
,408,Ngọc Đại
,409,Quốc Ðại
,410,Minh Dân
,411,Thế Dân
,412,Minh Ðan
,413,Nguyên Ðan
,414,Sỹ Ðan
,415,Hải Ðăng
,416,Hồng Ðăng
,417,Minh Danh
,418,Ngọc Danh
,419,Quang Danh
,420,Thành Danh
,421,Hưng Ðạo
,422,Thanh Ðạo
,423,Bình Ðạt
,424,Ðăng Ðạt
,425,Hữu Ðạt
,426,Minh Ðạt
,427,Quang Ðạt
,428,Quảng Ðạt
,429,Thành Ðạt
,430,Ðắc Di
,431,Phúc Ðiền
,432,Quốc Ðiền
,433,Phi Ðiệp
,434,Ðình Diệu
,435,Vinh Diệu
,436,Mạnh Ðình
,437,Bảo Ðịnh
,438,Hữu Ðịnh
,439,Ngọc Ðoàn
,440,Thanh Ðoàn
,441,Thành Doanh
,442,Thế Doanh
,443,Ðình Ðôn
,444,Quang Đông
,445,Từ Ðông
,446,Viễn Ðông
,447,Lâm Ðông
,448,Bách Du
,449,Thụy Du
,450,Hồng Đức
,451,Anh Ðức
,452,Gia Ðức
,453,Kiến Ðức
,454,Minh Ðức
,455,Quang Ðức
,456,Tài Ðức
,457,Thái Ðức
,458,Thiên Ðức
,459,Thiện Ðức
,460,Tiến Ðức
,461,Trung Ðức
,462,Tuấn Ðức
,463,Hoàng Duệ
,464,Anh Dũng
,465,Chí Dũng
,466,Hoàng Dũng
,467,Hùng Dũng
,468,Lâm Dũng
,469,Mạnh Dũng
,470,Minh Dũng
,471,Nghĩa Dũng
,472,Ngọc Dũng
,473,Nhật Dũng
,474,Quang Dũng
,475,Tấn Dũng
,476,Thế Dũng
,477,Thiện Dũng
,478,Tiến Dũng
,479,Trí Dũng
,480,Trọng Dũng
,481,Trung Dũng
,482,Tuấn Dũng
,483,Việt Dũng
,484,Hiếu Dụng
,485,Ðại Dương
,486,Ðình Dương
,487,Ðông Dương
,488,Hải Dương
,489,Nam Dương
,490,Quang Dương
,491,Thái Dương
,492,Việt Dương
,493,Anh Duy
,494,Bảo Duy
,495,Ðức Duy
,496,Khắc Duy
,497,Khánh Duy
,498,Nhật Duy
,499,Phúc Duy
,500,Thái Duy
,501,Trọng Duy
,502,Việt Duy
,503,Thế Duyệt
,504,Vương Gia
,505,Bảo Giang
,506,Chí Giang
,507,Công Giang
,508,Ðức Giang
,509,Hải Giang
,510,Hòa Giang
,511,Hoàng Giang
,512,Hồng Giang
,513,Khánh Giang
,514,Long Giang
,515,Minh Giang
,516,Thiện Giang
,517,Trường Giang
,518,Nguyên Giáp
,519,Huy Kha
,520,Anh Khải
,521,Ðức Khải
,522,Hoàng Khải
,523,Quang Khải
,524,Tuấn Khải
,525,Việt Khải
,526,An Khang
,527,Chí Khang
,528,Ðức Khang
,529,Duy Khang
,530,Hoàng Khang
,531,Hữu Khang
,532,Minh Khang
,533,Ngọc Khang
,534,Nguyên Khang
,535,Như Khang
,536,Phúc Khang
,537,Tấn Khang
,538,Việt Khang
,539,Hữu Khanh
,540,Tuấn Khanh
,541,Bảo Khánh
,542,Ðăng Khánh
,543,Duy Khánh
,544,Gia Khánh
,545,Huy Khánh
,546,Minh Khánh
,547,Quốc Khánh
,548,Trọng Khánh
,549,Chí Khiêm
,550,Ðức Khiêm
,551,Duy Khiêm
,552,Gia Khiêm
,553,Huy Khiêm
,554,Thành Khiêm
,555,Thiện Khiêm
,556,Anh Khoa
,557,Ðăng Khoa
,558,Việt Khoa
,559,Xuân Khoa
,560,Anh Khôi
,561,Hoàng Khôi
,562,Hữu Khôi
,563,Minh Khôi
,564,Ngọc Khôi
,565,Nguyên Khôi
,566,Việt Khôi
,567,Đăng Khương
,568,Ngọc Khương
,569,Nhật Khương
,570,Chí Kiên
,571,Ðức Kiên
,572,Gia Kiên
,573,Trọng Kiên
,574,Trung Kiên
,575,Xuân Kiên
,576,Gia Kiệt
,577,Liên Kiệt
,578,Minh Kiệt
,579,Thường Kiệt
,580,Tuấn Kiệt
,581,Trọng Kim
,582,Bá Kỳ
,583,Cao Kỳ
,584,Minh Kỳ
,585,Trường Kỳ
,586,Hiệp Hà
,587,Huy Hà
,588,Mạnh Hà
,589,Quang Hà
,590,Sơn Hà
,591,Trọng Hà
,592,Công Hải
,593,Ðông Hải
,594,Ðức Hải
,595,Duy Hải
,596,Hoàng Hải
,597,Khánh Hải
,598,Minh Hải
,599,Nam Hải
,600,Ngọc Hải
,601,Phi Hải
,602,Phú Hải
,603,Quang Hải
,604,Quốc Hải
,605,Sơn Hải
,606,Thanh Hải
,607,Trung Hải
,608,Tuấn Hải
,609,Việt Hải
,610,Vĩnh Hải
,611,Xuân Hãn
,612,Ðại Hành
,613,Hữu Hạnh
,614,Nguyên Hạnh
,615,Quốc Hạnh
,616,Công Hào
,617,Hiệp Hào
,618,Minh Hào
,619,Thanh Hào
,620,Trí Hào
,621,Ðình Hảo
,622,Công Hậu
,623,Thanh Hậu
,624,Duy Hiền
,625,Quốc Hiền
,626,Tạ Hiền
,627,Bảo Hiển
,628,Ngọc Hiển
,629,Quốc Hiển
,630,Gia Hiệp
,631,Hòa Hiệp
,632,Hoàng Hiệp
,633,Hữu Hiệp
,634,Phú Hiệp
,635,Tiến Hiệp
,636,Quốc Hiệp
,637,Chí Hiếu
,638,Công Hiếu
,639,Duy Hiếu
,640,Minh Hiếu
,641,Tất Hiếu
,642,Trọng Hiếu
,643,Trung Hiếu
,644,Xuân Hiếu
,645,Bảo Hòa
,646,Ðạt Hòa
,647,Ðức Hòa
,648,Gia Hòa
,649,Hiệp Hòa
,650,Khải Hòa
,651,Minh Hòa
,652,Nghĩa Hòa
,653,Nhật Hòa
,654,Phúc Hòa
,655,Quang Hòa
,656,Quốc Hòa
,657,Tất Hòa
,658,Thái Hòa
,659,Xuân Hòa
,660,Quốc Hoài
,661,Công Hoán
,662,Quốc Hoàn
,663,Khánh Hoàn
,664,Anh Hoàng
,665,Bảo Hoàng
,666,Duy Hoàng
,667,Gia Hoàng
,668,Hữu Hoàng
,669,Huy Hoàng
,670,Khánh Hoàng
,671,Minh Hoàng
,672,Phi Hoàng
,673,Quốc Hoàng
,674,Sỹ Hoàng
,675,Tuấn Hoàng
,676,Việt Hoàng
,677,Tiến Hoạt
,678,Khánh Hội
,679,Nhật Hồng
,680,Việt Hồng
,681,Ðình Hợp
,682,Hòa Hợp
,683,Gia Huấn
,684,Minh Huấn
,685,Chấn Hùng
,686,Duy Hùng
,687,Gia Hùng
,688,Hữu Hùng
,689,Mạnh Hùng
,690,Minh Hùng
,691,Nhật Hùng
,692,Phi Hùng
,693,Phú Hùng
,694,Quang Hùng
,695,Quốc Hùng
,696,Thế Hùng
,697,Trí Hùng
,698,Trọng Hùng
,699,Tuấn Hùng
,700,Việt Hùng
,701,Chấn Hưng
,702,Gia Hưng
,703,Minh Hưng
,704,Nam Hưng
,705,Phú Hưng
,706,Phúc Hưng
,707,Quang Hưng
,708,Quốc Hưng
,709,Thiên Hưng
,710,Vĩnh Hưng
,711,Chính Hữu
,712,Quang Hữu
,713,Trí Hữu
,714,Bảo Huy
,715,Ðức Huy
,716,Gia Huy
,717,Khánh Huy
,718,Minh Huy
,719,Ngọc Huy
,720,Nhật Huy
,721,Quang Huy
,722,Quốc Huy
,723,Thanh Huy
,724,Việt Huy
,725,Xuân Huy
,726,Bảo Huỳnh
,727,Ân Lai
,728,Bảo Lâm
,729,Huy Lâm
,730,Hoàng Lâm
,731,Phúc Lâm
,732,Quang Lâm
,733,Sơn Lâm
,734,Thế Lâm
,735,Tùng Lâm
,736,Tường Lâm
,737,Hoàng Lân
,738,Ngọc Lân
,739,Quang Lân
,740,Tường Lân
,741,Công Lập
,742,Gia Lập
,743,Hữu Lễ
,744,Tôn Lễ
,745,Hiếu Liêm
,746,Thanh Liêm
,747,Hoàng Linh
,748,Quang Linh
,749,Tuấn Linh
,750,Tùng Linh
,751,Hồng Lĩnh
,752,Huy Lĩnh
,753,Tường Lĩnh
,754,Bá Lộc
,755,Công Lộc
,756,Ðinh Lộc
,757,Ðình Lộc
,758,Nam Lộc
,759,Nguyên Lộc
,760,Phước Lộc
,761,Quang Lộc
,762,Xuân Lộc
,763,Tấn Lợi
,764,Thắng Lợi
,765,Thành Lợi
,766,Bá Long
,767,Bảo Long
,768,Ðức Long
,769,Hải Long
,770,Hoàng Long
,771,Hữu Long
,772,Kim Long
,773,Phi Long
,774,Tân Long
,775,Thăng Long
,776,Thanh Long
,777,Thành Long
,778,Thụy Long
,779,Trường Long
,780,Tuấn Long
,781,Việt Long
,782,Thiện Luân
,783,Vĩnh Luân
,784,Công Luận
,785,Ðình Luận
,786,Duy Luận
,787,Công Luật
,788,Hữu Lương
,789,Thiên Lương
,790,Công Lý
,791,Minh Lý
,792,Hoàng Phát
,793,Hồng Phát
,794,Tấn Phát
,795,Trường Phát
,796,Tường Phát
,797,Ðức Phi
,798,Khánh Phi
,799,Nam Phi
,800,Thanh Phi
,801,Cao Phong
,802,Chấn Phong
,803,Chiêu Phong
,804,Ðông Phong
,805,Ðức Phong
,806,Gia Phong
,807,Hải Phong
,808,Hiếu Phong
,809,Hoài Phong
,810,Hùng Phong
,811,Huy Phong
,812,Khởi Phong
,813,Nguyên Phong
,814,Quốc Phong
,815,Thanh Phong
,816,Thuận Phong
,817,Uy Phong
,818,Việt Phong
,819,Ðình Phú
,820,Ðức Phú
,821,Kim Phú
,822,Sỹ Phú
,823,Thiên Phú
,824,Ðình Phúc
,825,Gia Phúc
,826,Lạc Phúc
,827,Thế Phúc
,828,Trường Phúc
,829,Xuân Phúc
,830,Công Phụng
,831,Bá Phước
,832,Gia Phước
,833,Hữu Phước
,834,Tân Phước
,835,Thiện Phước
,836,Chế Phương
,837,Ðông Phương
,838,Lam Phương
,839,Nam Phương
,840,Quốc Phương
,841,Thành Phương
,842,Thế Phương
,843,Thuận Phương
,844,Viễn Phương
,845,Việt Phương
,846,Anh Quân
,847,Bình Quân
,848,Chiêu Quân
,849,Ðông Quân
,850,Hải Quân
,851,Hoàng Quân
,852,Long Quân
,853,Minh Quân
,854,Nhật Quân
,855,Quốc Quân
,856,Sơn Quân
,857,Đăng Quang
,858,Ðức Quang
,859,Duy Quang
,860,Hồng Quang
,861,Huy Quang
,862,Minh Quang
,863,Ngọc Quang
,864,Nhật Quang
,865,Thanh Quang
,866,Tùng Quang
,867,Ðình Quảng
,868,Ðức Quảng
,869,Anh Quốc
,870,Bảo Quốc
,871,Minh Quốc
,872,Nhật Quốc
,873,Việt Quốc
,874,Vinh Quốc
,875,Hồng Quý
,876,Minh Quý
,877,Xuân Quý
,878,Ðức Quyền
,879,Lương Quyền
,880,Sơn Quyền
,881,Thế Quyền
,882,Ngọc Quyết
,883,Việt Quyết
,884,Mạnh Quỳnh
,885,Minh Thạc
,886,Bảo Thạch
,887,Duy Thạch
,888,Ngọc Thạch
,889,Quang Thạch
,890,Anh Thái
,891,Bảo Thái
,892,Hòa Thái
,893,Hoàng Thái
,894,Minh Thái
,895,Quang Thái
,896,Triệu Thái
,897,Việt Thái
,898,Xuân Thái
,899,Chiến Thắng
,900,Ðình Thắng
,901,Ðức Thắng
,902,Duy Thắng
,903,Hữu Thắng
,904,Mạnh Thắng
,905,Minh Thắng
,906,Quang Thắng
,907,Quốc Thắng
,908,Quyết Thắng
,909,Toàn Thắng
,910,Trí Thắng
,911,Vạn Thắng
,912,Việt Thắng
,913,Chí Thanh
,914,Duy Thanh
,915,Hoài Thanh
,916,Nam Thanh
,917,Thiện Thanh
,918,Việt Thanh
,919,Bá Thành
,920,Chí Thành
,921,Công Thành
,922,Ðắc Thành
,923,Danh Thành
,924,Ðức Thành
,925,Duy Thành
,926,Huy Thành
,927,Khắc Thành
,928,Lập Thành
,929,Quốc Thành
,930,Tân Thành
,931,Tấn Thành
,932,Thuận Thành
,933,Triều Thành
,934,Trung Thành
,935,Trường Thành
,936,Tuấn Thành
,937,Thanh Thế
,938,Giang Thiên
,939,Quang Thiên
,940,Thanh Thiên
,941,Ân Thiện
,942,Bá Thiện
,943,Ðình Thiện
,944,Gia Thiện
,945,Hữu Thiện
,946,Mạnh Thiện
,947,Minh Thiện
,948,Ngọc Thiện
,949,Phước Thiện
,950,Quốc Thiện
,951,Tâm Thiện
,952,Thành Thiện
,953,Xuân Thiện
,954,Bá Thịnh
,955,Cường Thịnh
,956,Gia Thịnh
,957,Hồng Thịnh
,958,Hùng Thịnh
,959,Kim Thịnh
,960,Nhật Thịnh
,961,Phú Thịnh
,962,Phúc Thịnh
,963,Quang Thịnh
,964,Quốc Thịnh
,965,Cao Thọ
,966,Ðức Thọ
,967,Hữu Thọ
,968,Ngọc Thọ
,969,Vĩnh Thọ
,970,Duy Thông
,971,Hiếu Thông
,972,Huy Thông
,973,Kim Thông
,974,Minh Thông
,975,Nam Thông
,976,Quảng Thông
,977,Quốc Thông
,978,Vạn Thông
,979,Việt Thông
,980,Ðại Thống
,981,Hữu Thống
,982,Chính Thuận
,983,Minh Thuận
,984,Ngọc Thuận
,985,Quang Thuận
,986,Thanh Thuận
,987,Hải Thụy
,988,Hồng Thụy
,989,Vĩnh Thụy
,990,Xuân Thuyết
,991,Cát Uy
,992,Gia Uy
,993,Vũ Uy
,994,Danh Văn
,995,Khánh Văn
,996,Kiến Văn
,997,Quốc Văn
,998,Khôi Vĩ
,999,Triều Vĩ
,1000,Lâm Viên
,1001,Anh Việt
,1002,Dũng Việt
,1003,Hoài Việt
,1004,Hoàng Việt
,1005,Hồng Việt
,1006,Huy Việt
,1007,Khắc Việt
,1008,Nam Việt
,1009,Phụng Việt
,1010,Quốc Việt
,1011,Trọng Việt
,1012,Trung Việt
,1013,Tuấn Việt
,1014,Vương Việt
,1015,Công Vinh
,1016,Gia Vinh
,1017,Hồng Vinh
,1018,Quang Vinh
,1019,Quốc Vinh
,1020,Thanh Vinh
,1021,Thành Vinh
,1022,Thế Vinh
,1023,Trọng Vinh
,1024,Trường Vinh
,1025,Tường Vinh
,1026,Hữu Vĩnh
,1027,Quý Vĩnh
,1028,Chí Vịnh
,1029,Long Vịnh
,1030,Tiến Võ
,1031,Anh Vũ
,1032,Hiệp Vũ
,1033,Huy Vũ
,1034,Khắc Vũ
,1035,Lâm Vũ
,1036,Minh Vũ
,1037,Quang Vũ
,1038,Quốc Vũ
,1039,Thanh Vũ
,1040,Trường Vũ
,1041,Uy Vũ
,1042,Xuân Vũ
,1043,Hoàng Vương
,1044,Minh Vương
,1045,Hữu Vượng
